LfSn;NrLf;EAN;Produkt;Marke;Modell;Spezifikation;Hersteller;Farbe;Modelljahr;Wgr;EK_PL;UVP_PL;UAVP_PL;image;image-transparent;image-detail-1;image-detail-2;image-detail-3;Dimension (ABME);Fastening (BEFE);Brake light function (BREL);Gross weight (BRUT);Diameter (mm) (DURC);Colours for shop filters (FAF2);Manufacturer color (FARB);Colours for shop filters (FARF);High Beam (FEBE);Hazardous goods (GEFG);Weight ** (GEW);Size (parts) (GRTE);Colours (for webshops) (GRUF);Hersteller (HERS);Colours (for webshops) (HLF1); Integrated large-area Z reflector (IGBE);Capacity indicator (KIBE);Length (LANG);Light source (LEUM);Scope of delivery (LIEF);Material (MATE);Stem material (MAVB);MonkeyLink Ready (MKBE);Net weight (NETT);close-range illumination (NFBE);NOS (NOS);Tilt angle (NWVB);Product type (PRAR);Categorie (PRGR);Stem length (mm) (RGVL);Sensor automation (SABE);ON/OFF switch (SALT);Shaft diameter (mm) (SDMR); parking light (STAN);StVZO approval (STBE);Power supply (STRO);Daytime running light (TAGF);Overvoltage protection (UBEZ)
"ZEG";"820-50020";"";"Lanyard";"MonkeyLink";"";"Lanyard 90x200mm";"";"Grau/schwarz";"2019";"1931";"0.9900";"0.0000";"0.0000";"";"";"";"";"";"90 x 200mm";"";"";"";"";"";"grau/schwarz";"";"";"";"";"";"";"";"";"";"";"";"";"";"";"";"";"";"";"";"";"";"Randsortiment";"";"";"";"";"";"";"";"";""
"ZEG";"080-40388";"4032782082130";"Smartphone-Halter";"MonkeyLink";"MonkeyLink 2.0 Adapter Kiox 400";"";"";"schwarz";"2025";"1374";"6.8000";"14.9900";"0.0000";"";"";"";"";"";"";"";"";"";"";"";"schwarz";"black";"";"";"";"";"black";"";"";"";"";"";"";"1x Monkeylink 2.0 Adapter für Kiox 400 Display";"";"";"";"";"";"no";"";"";"Display holder";"";"";"";"";"";"";"";"";""
"ZEG";"080-40387";"4032782082017";"Smartphone-Halter";"MonkeyLink";"MonkeyLink 2.0 Connect / Garmin / Sigma Mount";"";"";"schwarz";"2025";"1374";"6.8000";"14.9900";"0.0000";"https://assets.zeg.de/1974682/hub_main/ZEG_080-40387.jpg";"https://assets.zeg.de/1974682/hub_transparent/ZEG_080-40387.png";"";"";"";"";"";"";"";"";"";"schwarz";"black";"";"";"";"";"black";"ZEG Zweirad-Einkaufs-Genossenschaft eG";"";"";"";"";"";"";"";"";"";"";"";"no";"";"";"Smartphone accessories";"";"";"";"";"";"";"";"";""
"ZEG";"080-40386";"4028017516532";"Smartphone-Halter";"MonkeyLink";"MonkeyLink 2.0 Adapter Intuvia 100";"";"";"schwarz";"2025";"1374";"6.8000";"14.9900";"0.0000";"https://assets.zeg.de/2027869/hub_main/ZEG_080-40386_main.jpg";"https://assets.zeg.de/2027869/hub_transparent/ZEG_080-40386_main.png";"https://assets.zeg.de/2027872/hub_main/ZEG_080-40386_detail_1.jpg";"";"";"";"";"";"";"";"";"schwarz";"black";"";"";"";"";"black";"ZEG Zweirad-Einkaufs-Genossenschaft eG";"";"";"";"";"";"";"";"";"";"";"";"no";"";"";"Electronics accessories";"";"";"";"";"";"";"";"";""
"ZEG";"070-50585";"4002556131937";"E-Bike Scheinwerfer";"MonkeyLink";"eLIGHT 70 Connect / MonkeyLink 2.0";"";"";"Schwarz";"2024";"12821";"26.5300";"49.9900";"0.0000";"https://assets.zeg.de/1838182/hub_main/ZEG_070-50585.jpg";"https://assets.zeg.de/1838182/hub_transparent/ZEG_070-50585.png";"https://assets.zeg.de/1838202/hub_main/ZEG_070-50585_detail_1.jpg";"https://assets.zeg.de/1838199/hub_main/ZEG_070-50585_detail_2.jpg";"https://assets.zeg.de/1838196/hub_main/ZEG_070-50585_detail_3.jpg";"";"MonkeyLink adapter plate";"";"";"";"";"Schwarz";"black";"";"";"";"";"black";"ZEG Zweirad-Einkaufs-Genossenschaft eG";"";"";"";"";"LED";"";"";"";"yes";"";"";"no";"";"lighting";"E-Bike headlights";"";"";"";"";"";"yes";"";"";""
"ZEG";"070-50571";"4002556033507";"Spare part";"MonkeyLink";"ML-SkyeLight Rear Connect";"";"";"Schwarz";"2023";"12821";"22.1900";"39.9500";"0.0000";"https://assets.zeg.de/1358983/hub_main/ZEG_070-50571.jpg";"https://assets.zeg.de/1358983/hub_transparent/ZEG_070-50571.png";"";"";"";"";"MonkeyLink adapter plate";"no";"";"";"";"Schwarz";"black";"";"";"";"";"black";"ZEG Zweirad-Einkaufs-Genossenschaft eG";"";"yes";"no";"";"LED";"";"Plastic";"";"";"";"";"no";"";"lighting";"E-Bike rear light";"";"no";"";"";"no";"yes";"E-bike battery";"";"yes"
"ZEG";"070-50570";"4002556033491";"Spare part";"MonkeyLink";"ML-SkyeLight Rear Connect BL";"";"";"Schwarz";"2023";"12821";"27.7500";"49.9500";"0.0000";"https://assets.zeg.de/1358989/hub_main/ZEG_070-50570.jpg";"https://assets.zeg.de/1358989/hub_transparent/ZEG_070-50570.png";"";"";"";"";"MonkeyLink adapter plate";"yes";"";"";"";"Schwarz";"black";"";"";"";"";"black";"ZEG Zweirad-Einkaufs-Genossenschaft eG";"";"yes";"no";"";"LED";"";"Plastic";"";"";"";"";"no";"";"lighting";"E-Bike rear light";"";"no";"";"";"no";"yes";"E-bike battery";"";"yes"
"ZEG";"070-50569";"4002556033484";"Headlights";"MonkeyLink";"ML-SkyeLight 110 Lux Connect";"";"Comus";"Schwarz";"2023";"12821";"83.3000";"149.9500";"0.0000";"https://assets.zeg.de/1358992/hub_main/ZEG_070-50569.jpg";"https://assets.zeg.de/1358992/hub_transparent/ZEG_070-50569.png";"";"";"";"";"MonkeyLink adapter plate";"";"";"";"";"Schwarz";"black";"yes";"";"";"";"black";"ZEG Zweirad-Einkaufs-Genossenschaft eG";"";"";"";"";"LED";"";"Aluminium";"";"";"";"";"no";"";"lighting";"E-Bike headlights";"";"";"";"";"";"yes";"E-bike battery";"yes";""
"ZEG";"070-50568";"4002556033477";"Headlights";"MonkeyLink";"ML-SkyeLight 80 Lux Connect";"";"Comus";"Schwarz";"2023";"12821";"49.9700";"89.9500";"0.0000";"https://assets.zeg.de/1359001/hub_main/ZEG_070-50568.jpg";"https://assets.zeg.de/1359001/hub_transparent/ZEG_070-50568.png";"";"";"";"";"MonkeyLink adapter plate";"";"";"";"";"Schwarz";"black";"";"";"";"";"black";"ZEG Zweirad-Einkaufs-Genossenschaft eG";"";"";"";"";"";"";"Aluminium";"";"";"145 g";"";"no";"";"lighting";"E-Bike headlights";"";"";"";"";"";"yes";"E-bike battery";"yes";""
"ZEG";"070-50567";"4002556033460";"Headlights";"MonkeyLink";"ML-SkyeLight 60 Lux Connect";"";"Comus";"Schwarz";"2023";"12821";"38.8600";"69.9500";"0.0000";"https://assets.zeg.de/1359010/hub_main/ZEG_070-50567.jpg";"https://assets.zeg.de/1359010/hub_transparent/ZEG_070-50567.png";"";"";"";"";"MonkeyLink magnetic holder";"";"";"";"";"Schwarz";"black";"";"";"";"";"black";"ZEG Zweirad-Einkaufs-Genossenschaft eG";"";"";"";"";"";"";"Aluminium";"";"";"";"";"no";"";"lighting";"E-Bike headlights";"";"";"";"";"no";"yes";"E-bike battery";"";""
"ZEG";"070-50560";"";"Spare part";"MonkeyLink";"ML One4All Cable Rear";"";"";"Schwarz";"2023";"12843";"6.4900";"12.9900";"0.0000";"https://assets.zeg.de/1359016/hub_main/ZEG_070-50560.jpg";"https://assets.zeg.de/1359016/hub_transparent/ZEG_070-50560.png";"";"";"";"";"";"";"";"";"";"Schwarz";"black";"no";"";"";"";"black";"ZEG Zweirad-Einkaufs-Genossenschaft eG";"";"";"";"";"";"";"";"";"";"";"";"no";"";"lighting";"Lighting accessories";"";"";"";"";"no";"yes";"";"no";""
"ZEG";"070-50559";"";"Spare part";"MonkeyLink";"One4All Cable Front";"";"";"Schwarz";"2023";"12843";"6.4900";"12.9900";"0.0000";"https://assets.zeg.de/1359022/hub_main/ZEG_070-50559.jpg";"https://assets.zeg.de/1359022/hub_transparent/ZEG_070-50559.png";"";"";"";"";"";"";"";"";"";"Schwarz";"black";"";"";"";"";"black";"ZEG Zweirad-Einkaufs-Genossenschaft eG";"";"";"";"";"";"";"";"";"";"";"";"no";"";"lighting";"Lighting accessories";"";"";"";"";"";"";"";"";""
"ZEG";"070-50522";"4260224791764";"ML-Light SupernovaM9";"MonkeyLink";"ML-Light Supernova M99 MINI PRO";"";"Supernova";"Schwarz";"2023";"12831";"187.8600";"339.0000";"0.0000";"https://assets.zeg.de/1953700/hub_main/ZEG_070-50522_main.jpg";"https://assets.zeg.de/1953700/hub_transparent/ZEG_070-50522_main.png";"";"";"";"";"";"";"";"";"";"Schwarz";"black";"yes";"";"";"";"black";"ZEG Zweirad-Einkaufs-Genossenschaft eG";"";"";"";"";"LED";"";"";"";"";"";"";"no";"";"lighting";"E-Bike headlights";"";"";"no";"";"";"yes";"E-bike battery";"";""
"ZEG";"070-50520";"4032782073619";"Headlights";"MonkeyLink";"ML-Light 30 Lux Recharge";"";"";"Schwarz";"2023";"12831";"33.3200";"59.9500";"0.0000";"https://assets.zeg.de/1359223/hub_main/ZEG_070-50520.jpg";"https://assets.zeg.de/1359223/hub_transparent/ZEG_070-50520.png";"";"";"";"";"MonkeyLink adapter plate";"";"";"";"";"Schwarz";"black";"no";"";"";"";"black";"ZEG Zweirad-Einkaufs-Genossenschaft eG";"";"";"";"";"LED";"";"Plastic";"";"";"99 g";"no";"no";"";"lighting";"Rechargeable/battery-powered headlights";"";"no";"yes";"";"no";"yes";"Li-Ion battery";"no";""
"ZEG";"070-50516";"4002556871475";"Rear light";"MonkeyLink";"ML-Light Rear Recharge";"";"MonkeyLink";"Red";"2023";"12832";"18.3100";"32.9500";"0.0000";"https://assets.zeg.de/1953694/hub_main/ZEG_070-50516_main.jpg";"https://assets.zeg.de/1953694/hub_transparent/ZEG_070-50516_main.png";"https://assets.zeg.de/1953671/hub_main/ZEG_070-50516_detail_01.jpg";"https://assets.zeg.de/1953677/hub_main/ZEG_070-50516_detail_02.jpg";"https://assets.zeg.de/1953683/hub_main/ZEG_070-50516_detail_03.jpg";"";"MonkeyLink adapter plate";"no";"";"";"";"Red";"red";"";"";"";"";"red";"ZEG Zweirad-Einkaufs-Genossenschaft eG";"";"no";"no";"";"LED";"";"Plastic";"";"";"49 g";"";"no";"";"lighting";"Rechargeable battery/battery rear light";"";"no";"";"";"no";"yes";"Li-Ion battery";"";"yes"
"ZEG";"070-50512";"4002556871437";"Beleuchtungsset";"MonkeyLink";"ML-Light 30 Lux Recharge Set";"";"MonkeyLink";"Schwarz";"2023";"12831";"44.4200";"79.9900";"0.0000";"https://assets.zeg.de/1359235/hub_main/ZEG_070-50512.jpg";"https://assets.zeg.de/1359235/hub_transparent/ZEG_070-50512.png";"";"";"";"";"MonkeyLink adapter plate";"no";"142 g";"";"";"Schwarz";"black";"no";"no";"";"";"black";"ZEG Zweirad-Einkaufs-Genossenschaft eG";"";"no";"yes";"";"LED";"";"Plastic";"";"";"99 g";"no";"no";"";"lighting";"Rechargeable battery/battery lighting set";"";"no";"yes";"";"no";"yes";"Li-Ion battery";"no";"no"
"ZEG";"070-50509";"4002556871284";"Reflector";"MonkeyLink";"ML-1 Magnetic Reflector Rear";"";"MonkeyLink";"schwarz/rot";"2023";"1285";"2.2000";"3.9900";"0.0000";"https://assets.zeg.de/1359238/hub_main/ZEG_070-50509.jpg";"https://assets.zeg.de/1359238/hub_transparent/ZEG_070-50509.png";"";"";"";"";"MonkeyLink magnetic holder";"";"";"";"red";"schwarz/rot";"black";"";"";"";"";"black";"ZEG Zweirad-Einkaufs-Genossenschaft eG";"red";"";"";"";"";"";"";"";"";"";"";"no";"";"lighting";"Lighting accessories";"";"";"";"";"";"yes";"";"";""
"ZEG";"070-50508";"4002556871260";"Reflector";"MonkeyLink";"ML-1 Magnetic Reflector Front";"";"MonkeyLink";"schwarz/weiß";"2023";"1285";"1.8100";"3.9900";"0.0000";"https://assets.zeg.de/1359241/hub_main/ZEG_070-50508.jpg";"https://assets.zeg.de/1359241/hub_transparent/ZEG_070-50508.png";"";"";"";"";"MonkeyLink magnetic holder";"";"";"";"white";"schwarz/weiß";"black";"";"";"";"";"black";"ZEG Zweirad-Einkaufs-Genossenschaft eG";"white";"";"";"";"";"";"";"";"";"";"";"no";"";"lighting";"Lighting accessories";"";"";"";"";"";"yes";"";"";""
"ZEG";"070-50507";"4002556871406";"Radschutz-Rücklicht";"MonkeyLink";"ML-FenderLight Rear Connect";"";"MonkeyLink";"Schwarz";"2017";"1261";"13.8600";"27.9900";"0.0000";"https://assets.zeg.de/1080916/hub_main/ZEG_070-50507.jpg";"https://assets.zeg.de/1080916/hub_transparent/ZEG_070-50507.png";"";"";"";"";"";"";"";"";"";"Schwarz";"black";"";"";"";"";"black";"ZEG Zweirad-Einkaufs-Genossenschaft eG";"";"";"";"";"";"";"";"";"";"";"";"no";"";"Mudguards";"E-Bike rear light";"";"";"";"";"";"";"";"";""
"ZEG";"070-50506";"4002556871390";"Rear light";"MonkeyLink";"ML-Light Rear Connect";"";"MonkeyLink";"Red";"2023";"12832";"15.5500";"32.9900";"0.0000";"https://assets.zeg.de/1359259/hub_main/ZEG_070-50506.jpg";"https://assets.zeg.de/1359259/hub_transparent/ZEG_070-50506.png";"";"";"";"";"MonkeyLink adapter plate";"no";"";"";"";"Red";"red";"";"";"";"";"red";"ZEG Zweirad-Einkaufs-Genossenschaft eG";"";"no";"no";"";"LED";"";"Plastic";"";"";"39 g";"";"no";"";"lighting";"E-Bike rear light";"";"no";"";"";"no";"yes";"E-bike battery";"";"yes"
"ZEG";"060-76701";"4002556871314";"Radschützer Set";"MonkeyLink";"ML Fender Set Recharge, 26-29'";"";"MonkeyLink";"Schwarz";"2023";"12614";"44.4000";"79.9900";"0.0000";"https://assets.zeg.de/1951574/hub_main/ZEG_060-76701_main.jpg";"https://assets.zeg.de/1951574/hub_transparent/ZEG_060-76701_main.png";"https://assets.zeg.de/1951550/hub_main/ZEG_060-76701_detail_01.jpg";"https://assets.zeg.de/1951555/hub_main/ZEG_060-76701_detail_02.jpg";"https://assets.zeg.de/1951562/hub_main/ZEG_060-76701_detail_03.jpg";"";"";"";"";"";"";"Schwarz";"black";"";"";"";"26 - 29 inch";"black";"ZEG Zweirad-Einkaufs-Genossenschaft eG";"";"";"";"";"";"";"";"";"";"";"";"no";"";"Mudguards";"Mudguard set";"";"";"";"";"";"";"";"";""
"ZEG";"060-76700";"4002556871307";"Radschützer Set";"MonkeyLink";"ML Fender Set Connect, 26-29''";"";"MonkeyLink";"Schwarz";"2023";"12611";"44.6000";"79.9900";"0.0000";"https://assets.zeg.de/1951544/hub_main/ZEG_060-76700_main.jpg";"https://assets.zeg.de/1951544/hub_transparent/ZEG_060-76700_main.png";"https://assets.zeg.de/1951519/hub_main/ZEG_060-76700_detail_01.jpg";"https://assets.zeg.de/1951525/hub_main/ZEG_060-76700_detail_02.jpg";"https://assets.zeg.de/1951531/hub_main/ZEG_060-76700_detail_03.jpg";"";"";"";"";"";"";"Schwarz";"black";"";"";"";"26 - 29 inch";"black";"ZEG Zweirad-Einkaufs-Genossenschaft eG";"";"";"";"";"";"";"";"";"";"";"";"no";"";"Mudguards";"Front mudguard";"";"";"";"";"";"";"";"";""
"ZEG";"060-76699";"4002556868154";"Radschützer";"MonkeyLink";"ML Fender Ersatzhalter Recharge";"";"SKS";"Schwarz";"2019";"12611";"8.6000";"14.9900";"0.0000";"https://assets.zeg.de/1951513/hub_main/ZEG_060-76699_main.jpg";"https://assets.zeg.de/1951513/hub_transparent/ZEG_060-76699_main.png";"";"";"";"";"";"";"";"";"";"Schwarz";"black";"";"";"";"";"black";"ZEG Zweirad-Einkaufs-Genossenschaft eG";"";"";"";"";"";"";"";"";"";"";"";"no";"";"Mudguards";"Accessories mudguards";"";"";"";"";"";"";"";"";""
"ZEG";"060-76698";"4002556868086";"Radschützer";"MonkeyLink";"ML Fender Ersatzhalter Connect";"";"SKS";"Schwarz";"2019";"12611";"14.1500";"24.9900";"0.0000";"https://assets.zeg.de/1951507/hub_main/ZEG_060-76698_main.jpg";"https://assets.zeg.de/1951507/hub_transparent/ZEG_060-76698_main.png";"";"";"";"";"";"";"";"";"";"Schwarz";"black";"";"";"";"";"black";"ZEG Zweirad-Einkaufs-Genossenschaft eG";"";"";"";"";"";"";"";"";"";"";"";"no";"";"Mudguards";"Accessories mudguards";"";"";"";"";"";"";"";"";""
"ZEG";"060-76697";"4002556917555";"Radschützer";"MonkeyLink";"ML-Fender front";"";"SKS";"Schwarz";"2023";"12611";"24.9700";"44.9500";"0.0000";"https://assets.zeg.de/1951501/hub_main/ZEG_060-76697_main.jpg";"https://assets.zeg.de/1951501/hub_transparent/ZEG_060-76697_main.png";"";"";"";"";"";"";"";"";"";"Schwarz";"black";"";"";"";"26 - 29 inch";"black";"ZEG Zweirad-Einkaufs-Genossenschaft eG";"";"";"";"";"";"";"";"";"";"";"";"no";"";"Mudguards";"Front mudguard";"";"";"";"";"";"";"";"";""
"ZEG";"060-76696";"4002556917548";"Radschützer";"MonkeyLink";"ML-Fender Rear Recharge";"";"SKS";"Schwarz";"2023";"12611";"27.7500";"49.9500";"0.0000";"https://assets.zeg.de/1951495/hub_main/ZEG_060-76696_main.jpg";"https://assets.zeg.de/1951495/hub_transparent/ZEG_060-76696_main.png";"";"";"";"";"";"";"";"";"";"Schwarz";"black";"";"";"";"26 - 29 inch";"black";"ZEG Zweirad-Einkaufs-Genossenschaft eG";"";"";"";"";"";"";"";"";"";"";"";"no";"";"Mudguards";"Front mudguard";"";"";"";"";"";"";"";"";""
"ZEG";"060-76695";"";"Radschützer";"MonkeyLink";"ML- Fender";"";"SKS";"Schwarz";"2023";"12611";"27.7500";"49.9500";"0.0000";"https://assets.zeg.de/1951489/hub_main/ZEG_060-76695_main.jpg";"https://assets.zeg.de/1951489/hub_transparent/ZEG_060-76695_main.png";"";"";"";"";"";"";"";"";"";"Schwarz";"black";"";"";"";"26 / 27.5 / 29 inch";"black";"ZEG Zweirad-Einkaufs-Genossenschaft eG";"";"";"";"";"";"";"";"";"";"";"";"no";"";"Mudguards";"Rear mudguard";"";"";"";"";"";"";"";"";""
"ZEG";"060-54505";"";"Seat clamp";"MonkeyLink";"SC ML-1 38";"";"";"Schwarz";"2022";"1274";"13.8600";"24.9900";"0.0000";"https://assets.zeg.de/1666364/hub_main/ZEG_060-54505.jpg";"https://assets.zeg.de/1666364/hub_transparent/ZEG_060-54505.png";"https://assets.zeg.de/1666383/hub_main/ZEG_060-54505_detail_1.jpg";"";"";"";"";"";"";"";"";"Schwarz";"black";"";"";"";"";"black";"ZEG Zweirad-Einkaufs-Genossenschaft eG";"";"";"";"";"";"";"Plastic";"";"";"";"";"no";"";"Seat posts";"Seat post accessories";"";"";"";"";"";"";"";"";""
"ZEG";"060-52517";"";"Ersatzteil";"MonkeyLink";"ML-Anti Diebstahl Schraube für Sattelklemme";"";"";"Schwarz";"2023";"1274";"2.2200";"3.9900";"0.0000";"https://assets.zeg.de/1942485/hub_main/ZEG_060-52517_main.jpg";"https://assets.zeg.de/1942485/hub_transparent/ZEG_060-52517_main.png";"https://assets.zeg.de/1946320/hub_main/ZEG_060-52517_detail_01.jpg";"";"";"";"";"";"";"";"";"Schwarz";"black";"";"";"";"";"black";"ZEG Zweirad-Einkaufs-Genossenschaft eG";"";"";"";"";"";"";"";"";"";"";"";"no";"";"Seat posts";"Seat post accessories";"";"";"";"";"";"";"";"";""
"ZEG";"060-52516";"4002556874872";"Ersatzteilkasten";"MonkeyLink";"";"";"";"";"2023";"1242";"142.5000";"302.0000";"0.0000";"https://assets.zeg.de/1359310/hub_main/ZEG_060-52516.jpg";"https://assets.zeg.de/1359310/hub_transparent/ZEG_060-52516.png";"";"";"";"";"";"";"";"";"";"";"";"";"";"";"";"";"";"";"";"";"";"";"";"";"";"";"";"";"no";"";"Stems";"Stem accessories";"";"";"";"";"";"";"";"";""
"ZEG";"060-52515";"4002556872175";"Ersatzteilkasten";"MonkeyLink";"";"";"";"";"2023";"1242";"77.1900";"156.0000";"0.0000";"https://assets.zeg.de/1359313/hub_main/ZEG_060-52515.jpg";"https://assets.zeg.de/1359313/hub_transparent/ZEG_060-52515.png";"";"";"";"";"";"";"";"";"";"";"";"";"";"";"";"";"";"";"";"";"";"";"";"Aluminium";"";"";"";"";"no";"";"Stems";"Stem accessories";"";"";"";"";"";"";"";"";""
"ZEG";"060-52514";"4002556871253";"Seat clamp";"MonkeyLink";"SC1 ML-1 32";"";"MonkeyLink";"Schwarz";"2023";"1274";"11.1100";"19.9900";"0.0000";"https://assets.zeg.de/1359331/hub_main/ZEG_060-52514.jpg";"https://assets.zeg.de/1359331/hub_transparent/ZEG_060-52514.png";"";"";"";"";"";"";"";"31,8 mm";"";"Schwarz";"black";"";"";"";"31.8 mm";"black";"ZEG Zweirad-Einkaufs-Genossenschaft eG";"";"";"";"";"";"";"Steel";"";"";"";"";"no";"";"Seat posts";"Seat post accessories";"";"";"";"";"";"";"";"";""
"ZEG";"060-52506";"4002556871161";"Stem";"MonkeyLink";"AS-ML3-90 31,8 / 90 mm";"";"MonkeyLink";"Schwarz";"2023";"12421";"11.1100";"19.9900";"0.0000";"https://assets.zeg.de/1359400/hub_main/ZEG_060-52506.jpg";"https://assets.zeg.de/1359400/hub_transparent/ZEG_060-52506.png";"";"";"";"";"";"";"";"";"";"Schwarz";"black";"";"";"";"";"black";"ZEG Zweirad-Einkaufs-Genossenschaft eG";"";"";"";"";"";"";"Steel; Aluminium";"Alu, Steel";"";"215 g";"";"no";"7 °";"Stems";"Ahead stem";"90 mm";"";"";"28,6 mm";"";"";"";"";""
"ZEG";"060-52501";"4002556871116";"Stem";"MonkeyLink";"AS-ML2-80 31,8 mm / 80 mm";"";"MonkeyLink";"Schwarz";"2023";"12421";"22.1900";"39.9900";"0.0000";"https://assets.zeg.de/1359445/hub_main/ZEG_060-52501.jpg";"https://assets.zeg.de/1359445/hub_transparent/ZEG_060-52501.png";"";"";"";"";"";"";"";"";"";"Schwarz";"black";"";"";"";"";"black";"ZEG Zweirad-Einkaufs-Genossenschaft eG";"";"";"";"";"";"";"Aluminium; Steel";"Alu, Steel";"";"195 g";"";"no";"7 °";"Stems";"Ahead stem";"80 mm";"";"";"28,6 mm";"";"";"";"";""
"ZEG";"050-31841";"4003318909726";"Lock";"MonkeyLink";"BORDO™ Combo 6000C/90 + Halter für MoneyLink";"";"Abus";"Schwarz";"2020";"1349";"55.8700";"117.9500";"0.0000";"https://assets.zeg.de/1980155/hub_main/ZEG_050-31841_main.jpg";"https://assets.zeg.de/1980155/hub_transparent/ZEG_050-31841_main.png";"";"";"";"";"MonkeyLink magnetic holder";"";"";"";"";"Schwarz";"black";"";"";"1250 g";"";"black";"ZEG Zweirad-Einkaufs-Genossenschaft eG";"";"";"";"900 mm";"";"";"";"";"";"";"";"no";"";"Bicycle locks";"Folding shackle lock";"";"";"";"";"";"";"";"";""
"ZEG";"050-31840";"4003318909733";"Lock";"MonkeyLink";"BORDO™ 6000K/90 schwarz + Halter für MonkeyLink";"";"Abus";"Schwarz";"2020";"1349";"55.8700";"117.9500";"0.0000";"https://assets.zeg.de/1089552/hub_main/ZEG_050-31840.jpg";"https://assets.zeg.de/1089552/hub_transparent/ZEG_050-31840.png";"";"";"";"";"MonkeyLink magnetic holder";"";"";"";"";"Schwarz";"black";"";"";"1200 g";"";"black";"ZEG Zweirad-Einkaufs-Genossenschaft eG";"";"";"";"900 mm";"";"";"";"";"";"";"";"no";"";"Bicycle locks";"Folding shackle lock";"";"";"";"";"";"";"";"";""
"ZEG";"050-28502";"4002556954277";"Drinking bottle";"MonkeyLink";"ML-MonkeyBottle 590ml";"";"Fidlock";"grey";"2023";"1361";"21.0800";"42.9900";"0.0000";"https://assets.zeg.de/1359535/hub_main/ZEG_050-28502.jpg";"https://assets.zeg.de/1359535/hub_transparent/ZEG_050-28502.png";"";"";"";"";"Magnetic locking";"";"";"";"";"grey";"grey";"";"";"";"";"grey";"ZEG Zweirad-Einkaufs-Genossenschaft eG";"";"";"";"";"";"";"";"";"";"";"";"no";"";"Bottles & holders";"Drinking bottle";"";"";"";"";"";"";"";"";""
"ZEG";"050-28493";"4003318888861";"Teie & Zubehör";"MonkeyLink";"Bordo 6000/90 Halter für MonkeyLink";"";"Abus";"Schwarz";"2023";"1349";"16.0000";"29.9500";"0.0000";"https://assets.zeg.de/1359547/hub_main/ZEG_050-28493.jpg";"https://assets.zeg.de/1359547/hub_transparent/ZEG_050-28493.png";"";"";"";"";"";"";"";"";"";"Schwarz";"black";"";"";"";"";"black";"ZEG Zweirad-Einkaufs-Genossenschaft eG";"";"";"";"";"";"";"";"";"";"";"";"no";"";"Bicycle locks";"Lock accessories";"";"";"";"";"";"";"";"";""
"ZEG";"050-28491";"4002556917609";"Holder";"MonkeyLink";"ML-AnyBottle";"";"MonkeyLink";"Schwarz";"2023";"1362";"12.1500";"24.9500";"0.0000";"https://assets.zeg.de/1359559/hub_main/ZEG_050-28491.jpg";"https://assets.zeg.de/1359559/hub_transparent/ZEG_050-28491.png";"";"";"";"";"Magnetic locking";"";"";"";"";"Schwarz";"black";"";"";"92 g";"";"black";"ZEG Zweirad-Einkaufs-Genossenschaft eG";"";"";"";"";"";"";"";"";"";"92 g";"";"no";"";"Bottles & holders";"Water bottle holder";"";"";"";"";"";"";"";"";""
"ZEG";"050-28488";"4251207400605";"ML-Uni Base";"MonkeyLink";"ML-Uni Base 80118";"";"Fidlock";"Schwarz";"2023";"1362";"12.2600";"24.9900";"0.0000";"https://assets.zeg.de/1359571/hub_main/ZEG_050-28488.jpg";"https://assets.zeg.de/1359571/hub_transparent/ZEG_050-28488.png";"";"";"";"";"Silicone strap";"";"";"";"";"Schwarz";"black";"";"";"";"";"black";"ZEG Zweirad-Einkaufs-Genossenschaft eG";"";"";"";"";"";"";"";"";"";"";"";"no";"";"Bottles & holders";"Water bottle holder";"";"";"";"";"";"";"";"";""
"ZEG";"050-28487";"4251207400513";"Flaschenhalter";"MonkeyLink";"Gravity Kit ";"";"Fidlock";"Schwarz";"2023";"1362";"11.2500";"22.9500";"0.0000";"https://assets.zeg.de/1791381/hub_main/ZEG_050-28487.jpg";"https://assets.zeg.de/1791381/hub_transparent/ZEG_050-28487.png";"";"";"";"";"Bell";"";"";"";"";"Schwarz";"black";"";"";"";"";"black";"ZEG Zweirad-Einkaufs-Genossenschaft eG";"";"";"";"";"";"";"";"";"";"";"";"no";"";"Bottles & holders";"Water bottle holder";"";"";"";"";"";"";"";"";""
"ZEG";"050-28481";"";"Magnetverschluss";"MonkeyLink";"ML-Magnethalter";"";"Fidlock";"Schwarz";"2023";"1362";"5.1500";"9.9900";"0.0000";"https://assets.zeg.de/1359583/hub_main/ZEG_050-28481.jpg";"https://assets.zeg.de/1359583/hub_transparent/ZEG_050-28481.png";"";"";"";"";"Screw connection";"";"";"";"";"Schwarz";"black";"";"";"18 g";"";"black";"ZEG Zweirad-Einkaufs-Genossenschaft eG";"";"";"";"";"";"";"";"";"";"18 g";"";"no";"";"Bottles & holders";"Water bottle holder";"";"";"";"";"";"";"";"";""
"ZEG";"050-24311";"4032782080815";"Displayhalter";"MonkeyLink";"MonkeyLink 2.0 Connect / Dual M5 Screen Light Mount";"";"";"schwarz";"2025";"1323";"12.1000";"24.9900";"0.0000";"https://assets.zeg.de/1976180/hub_main/ZEG_050-24311_main.jpg";"https://assets.zeg.de/1976180/hub_transparent/ZEG_050-24311_main.png";"https://assets.zeg.de/1976183/hub_main/ZEG_050-24311_detail_1.jpg";"";"";"";"";"";"";"";"";"schwarz";"black";"";"";"";"";"black";"ZEG Zweirad-Einkaufs-Genossenschaft eG";"";"";"";"";"";"";"";"";"";"";"";"no";"";"Electronic accessories";"Electronics accessories";"";"";"";"";"";"";"";"";""
"ZEG";"050-24310";"4032782080808";"Displayhalter";"MonkeyLink";"MonkeyLink 2.0 Connect  / Screen Mount CCS 35 mm";"";"";"schwarz";"2025";"1323";"4.0000";"14.9900";"0.0000";"https://assets.zeg.de/1974642/hub_main/ZEG_050-24310_main.jpg";"https://assets.zeg.de/1974642/hub_transparent/ZEG_050-24310_main.png";"https://assets.zeg.de/1974645/hub_main/ZEG_050-24310_detail_1.jpg";"";"";"";"";"";"";"";"";"schwarz";"black";"";"";"";"";"black";"ZEG Zweirad-Einkaufs-Genossenschaft eG";"";"";"";"";"";"";"";"";"";"";"";"no";"";"Electronic accessories";"Electronics accessories";"";"";"";"";"";"";"";"";""
"ZEG";"050-24309";"4032782080792";"Displayhalter";"MonkeyLink";"MonkeyLink 2.0 Connect / Screen Mount CCS 31,8 mm";"";"";"schwarz";"2025";"1323";"4.0000";"14.9900";"0.0000";"https://assets.zeg.de/2013432/hub_main/ZEG_050-24309_main.jpg";"https://assets.zeg.de/2013432/hub_transparent/ZEG_050-24309_main.png";"https://assets.zeg.de/1974651/hub_main/ZEG_050-24309_detail_1.jpg";"";"";"";"";"";"";"";"";"schwarz";"black";"";"";"";"";"black";"ZEG Zweirad-Einkaufs-Genossenschaft eG";"";"";"";"";"";"";"";"";"";"";"";"no";"";"Electronic accessories";"Electronics accessories";"";"";"";"";"";"";"";"";""
"ZEG";"040-35320";"4002556887797";"Ersatzteil";"MonkeyLink";"MonkeyLink ML-Screw M4x5v2a";"";"";"silver";"";"1284";"0.3000";"0.9900";"0.0000";"https://assets.zeg.de/1098795/hub_main/ZEG_040-35320.jpg";"https://assets.zeg.de/1098795/hub_transparent/ZEG_040-35320.png";"";"";"";"";"";"";"";"";"";"silver";"silver";"no";"";"";"";"silver";"ZEG Zweirad-Einkaufs-Genossenschaft eG";"";"";"";"";"";"";"";"";"";"";"";"no";"";"lighting";"Lighting accessories";"";"";"";"";"no";"yes";"";"no";""
"ZEG";"040-35319";"";"Trennstreifen";"MonkeyLink";"MonkeyLink ML-Divider";"";"";"gelb";"2025";"1211";"0.3900";"0.0000";"0.0000";"https://assets.zeg.de/1857226/hub_main/ZEG_040-35319_main.jpg";"https://assets.zeg.de/1857226/hub_transparent/ZEG_040-35319_main.png";"https://assets.zeg.de/1857204/hub_main/ZEG_040-35319_detail_1.jpg";"https://assets.zeg.de/1857209/hub_main/ZEG_040-35319_detail_2.jpg";"https://assets.zeg.de/1857215/hub_main/ZEG_040-35319_detail_3.jpg";"";"";"";"";"";"";"gelb";"yellow";"";"";"";"";"yellow";"ZEG Zweirad-Einkaufs-Genossenschaft eG";"";"";"";"";"";"";"";"";"";"3 g";"";"no";"";"lighting";"Lighting accessories";"";"";"";"";"";"";"";"";""
"ZEG";"010-00641";"";"Ersatzteil";"MonkeyLink";"ML-MonkeyLink UTS E OEM";"";"";"Schwarz";"2023";"1274";"3.8900";"6.9900";"0.0000";"https://assets.zeg.de/1753477/hub_main/ZEG_010-00641.jpg";"https://assets.zeg.de/1753477/hub_transparent/ZEG_010-00641.png";"";"";"";"";"";"";"";"";"";"Schwarz";"black";"";"";"";"";"black";"ZEG Zweirad-Einkaufs-Genossenschaft eG";"";"";"";"";"";"";"";"";"";"";"";"no";"";"Seat posts";"Seat post accessories";"";"";"";"";"";"";"";"";""
"ZEG";"010-00640";"";"Ersatzteil";"MonkeyLink";"ML-MonkeyLink UTS U OEM";"";"";"Schwarz";"2023";"1274";"5.5500";"9.9900";"0.0000";"https://assets.zeg.de/1753480/hub_main/ZEG_010-00640.jpg";"https://assets.zeg.de/1753480/hub_transparent/ZEG_010-00640.png";"https://assets.zeg.de/1753570/hub_main/ZEG_010-00640_detail_1.jpg";"https://assets.zeg.de/1753567/hub_main/ZEG_010-00640_detail_2.jpg";"";"";"";"";"";"";"";"Schwarz";"black";"";"";"";"";"black";"ZEG Zweirad-Einkaufs-Genossenschaft eG";"";"";"";"";"";"";"";"";"";"";"";"no";"";"Seat posts";"Seat post accessories";"";"";"";"";"";"";"";"";""
"ZEG";"070-50558";"4002556992576";"Ladekabel";"MonkeyLink";"Kabel - USB-C zu Apple Lightning";"";"Comus";"Schwarz";"2021";"12843";"5.5500";"9.9900";"0.0000";"https://assets.zeg.de/1080110/hub_main/ZEG_070-50558.jpg";"https://assets.zeg.de/1080110/hub_transparent/ZEG_070-50558.png";"";"";"";"";"";"";"";"";"";"Schwarz";"black";"";"";"";"";"black";"ZEG Zweirad-Einkaufs-Genossenschaft eG";"";"";"";"";"";"";"";"";"";"";"";"no";"";"lighting";"Lighting accessories";"";"";"";"";"";"";"E-bike battery";"";""
"ZEG";"070-50557";"4002556992569";"Ladekabel";"MonkeyLink";"Kabel - USB-C zu USB-C";"";"Comus";"Schwarz";"2021";"12843";"5.5500";"9.9900";"0.0000";"https://assets.zeg.de/1080125/hub_main/ZEG_070-50557.jpg";"https://assets.zeg.de/1080125/hub_transparent/ZEG_070-50557.png";"";"";"";"";"";"";"";"";"";"Schwarz";"black";"";"";"";"";"black";"ZEG Zweirad-Einkaufs-Genossenschaft eG";"";"";"";"";"";"";"";"";"";"";"";"no";"";"lighting";"Lighting accessories";"";"";"";"";"";"";"E-bike battery";"";""
"ZEG";"070-50556";"4002556992583";"Ladekabel";"MonkeyLink";"Kabel - USB-C zu Micro USB";"";"Comus";"Schwarz";"2021";"1283";"5.5500";"9.9900";"0.0000";"https://assets.zeg.de/1080141/hub_main/ZEG_070-50556.jpg";"https://assets.zeg.de/1080141/hub_transparent/ZEG_070-50556.png";"";"";"";"";"";"";"";"";"";"Schwarz";"black";"";"";"";"";"black";"ZEG Zweirad-Einkaufs-Genossenschaft eG";"";"";"";"";"";"";"Plastic";"";"";"";"";"no";"";"lighting";"Lighting accessories";"";"";"";"";"";"";"E-bike battery";"";""
"ZEG";"070-50555";"4260224791375";"Headlights";"MonkeyLink";"ML-Light Supernova Mini 2 Pro";"";"Supernova";"Schwarz";"2020";"1283";"118.5500";"219.0000";"0.0000";"https://assets.zeg.de/1080149/hub_main/ZEG_070-50555.jpg";"https://assets.zeg.de/1080149/hub_transparent/ZEG_070-50555.png";"";"";"";"";"MonkeyLink adapter plate";"";"";"";"";"Schwarz";"black";"yes";"";"";"";"black";"ZEG Zweirad-Einkaufs-Genossenschaft eG";"";"";"";"";"LED";"";"Plastic";"";"";"";"yes";"no";"";"lighting";"E-Bike headlights";"";"no";"no";"";"no";"yes";"E-bike battery";"no";"yes"
"ZEG";"070-50552";"4002556031886";"Beleuchtungsset";"MonkeyLink";"ML-SkyeLight 110 Lux Connect Set";"";"Comus";"Schwarz";"2023";"12821";"105.5500";"189.9500";"0.0000";"https://assets.zeg.de/1359064/hub_main/ZEG_070-50552.jpg";"https://assets.zeg.de/1359064/hub_transparent/ZEG_070-50552.png";"";"";"";"";"MonkeyLink adapter plate";"yes";"240 g";"";"";"Schwarz";"black";"";"no";"";"";"black";"ZEG Zweirad-Einkaufs-Genossenschaft eG";"";"yes";"no";"";"LED";"";"Plastic";"";"";"206 g";"no";"no";"";"lighting";"E-bike lighting set";"";"no";"no";"";"no";"yes";"E-bike battery";"yes";"yes"
"ZEG";"070-50551";"4002556031893";"Beleuchtungsset";"MonkeyLink";"ML-SkyeLight 80 Lux Connect Set";"";"Comus";"Schwarz";"2023";"12821";"66.6600";"129.9500";"0.0000";"https://assets.zeg.de/1359079/hub_main/ZEG_070-50551.jpg";"https://assets.zeg.de/1359079/hub_transparent/ZEG_070-50551.png";"";"";"";"";"MonkeyLink adapter plate";"yes";"";"";"";"Schwarz";"black";"";"no";"";"";"black";"ZEG Zweirad-Einkaufs-Genossenschaft eG";"";"yes";"no";"";"LED";"";"Plastic";"";"";"188 g";"no";"no";"";"lighting";"E-bike lighting set";"";"no";"no";"";"no";"yes";"E-bike battery";"yes";"yes"
"ZEG";"070-50550";"4002556031909";"Headlights";"MonkeyLink";"ML-SkyeLight 60 Lux Connect Set";"";"Comus";"Schwarz";"2023";"12821";"55.5500";"99.9500";"0.0000";"https://assets.zeg.de/1359109/hub_main/ZEG_070-50550.jpg";"https://assets.zeg.de/1359109/hub_transparent/ZEG_070-50550.png";"";"";"";"";"MonkeyLink adapter plate";"no";"";"";"";"Schwarz";"black";"";"no";"";"";"black";"ZEG Zweirad-Einkaufs-Genossenschaft eG";"";"yes";"no";"";"LED";"";"Plastic";"";"";"176 g";"no";"no";"";"lighting";"E-bike lighting set";"";"no";"no";"";"no";"yes";"E-bike battery";"no";"yes"
"ZEG";"070-50548";"4002556993375";"Charger";"MonkeyLink";"Power Supply ";"";"Comus";"Schwarz";"2020";"12843";"22.2000";"39.9500";"0.0000";"https://assets.zeg.de/1080365/hub_main/ZEG_070-50548.jpg";"https://assets.zeg.de/1080365/hub_transparent/ZEG_070-50548.png";"";"";"";"";"";"";"";"";"";"Schwarz";"black";"no";"";"";"";"black";"ZEG Zweirad-Einkaufs-Genossenschaft eG";"";"";"";"";"";"";"";"";"";"";"";"no";"";"lighting";"Lighting accessories";"";"";"";"";"no";"yes";"E-bike battery";"no";""
"ZEG";"070-50542";"4006021012998";"Headlights";"MonkeyLink";"Lumotec IQ- XS E ML";"";"Busch + Müller";"Schwarz";"2019";"12821";"72.9400";"149.9500";"0.0000";"https://assets.zeg.de/1080499/hub_main/ZEG_070-50542.jpg";"https://assets.zeg.de/1080499/hub_transparent/ZEG_070-50542.png";"";"";"";"";"";"";"";"";"";"Schwarz";"black";"no";"";"";"";"black";"ZEG Zweirad-Einkaufs-Genossenschaft eG";"";"";"";"";"LED";"";"";"";"";"";"yes";"no";"";"lighting";"E-Bike headlights";"";"yes";"no";"";"no";"yes";"E-bike battery";"yes";""
"ZEG";"070-50541";"4006021013063";"Headlights";"MonkeyLink";"Lumotec IQ-X ML";"";"Busch + Müller";"Schwarz";"2019";"12821";"103.8800";"199.9500";"0.0000";"https://assets.zeg.de/1080532/hub_main/ZEG_070-50541.jpg";"https://assets.zeg.de/1080532/hub_transparent/ZEG_070-50541.png";"";"";"";"";"";"";"";"";"";"Schwarz";"black";"no";"";"";"";"black";"ZEG Zweirad-Einkaufs-Genossenschaft eG";"";"";"";"";"LED";"";"";"";"";"";"yes";"no";"";"lighting";"E-Bike headlights";"";"yes";"no";"";"no";"yes";"E-bike battery";"yes";""
"ZEG";"070-50540";"4002556917692";"Cable routing";"MonkeyLink";"Abdeckleiste";"";"Velo Enterprise";"Schwarz";"2019";"12843";"5.5500";"9.9900";"0.0000";"https://assets.zeg.de/1080602/hub_main/ZEG_070-50540.jpg";"https://assets.zeg.de/1080602/hub_transparent/ZEG_070-50540.png";"";"";"";"";"";"";"";"";"";"Schwarz";"black";"";"";"";"";"black";"ZEG Zweirad-Einkaufs-Genossenschaft eG";"";"";"";"";"";"";"";"";"";"";"";"no";"";"lighting";"Lighting accessories";"";"";"";"";"";"";"";"";""
"ZEG";"070-50538";"4032782049997";"Rear light";"MonkeyLink";"ML-RearLight Sport Connect";"";"Comus";"Red";"2023";"12832";"15.5500";"32.9900";"0.0000";"https://assets.zeg.de/1359166/hub_main/ZEG_070-50538.jpg";"https://assets.zeg.de/1359166/hub_transparent/ZEG_070-50538.png";"";"";"";"";"MonkeyLink adapter plate";"no";"";"";"";"Red";"red";"";"";"";"";"red";"ZEG Zweirad-Einkaufs-Genossenschaft eG";"";"yes";"no";"";"LED";"";"Plastic";"";"";"24 g";"";"no";"";"lighting";"E-Bike rear light";"";"no";"";"";"no";"yes";"E-bike battery";"";"yes"
"ZEG";"070-50503";"4002556871352";"Headlights";"MonkeyLink";"ML-Light 100 Lux Connect";"";"MonkeyLink";"Schwarz";"2023";"12831";"51.4600";"109.9500";"0.0000";"https://assets.zeg.de/1359283/hub_main/ZEG_070-50503.jpg";"https://assets.zeg.de/1359283/hub_transparent/ZEG_070-50503.png";"";"";"";"";"MonkeyLink adapter plate";"";"";"";"";"Schwarz";"black";"no";"";"";"";"black";"ZEG Zweirad-Einkaufs-Genossenschaft eG";"";"";"";"";"LED";"";"Plastic";"";"";"79 g";"no";"no";"";"lighting";"E-Bike headlights";"";"no";"no";"";"no";"yes";"E-bike battery";"no";""
"ZEG";"070-50498";"4002556974367";"Headlights";"MonkeyLink";"ML-High Beam 150 Lux Connect";"";"Comus";"Schwarz";"2023";"1283";"72.2000";"129.9900";"0.0000";"https://assets.zeg.de/1359295/hub_main/ZEG_070-50498.jpg";"https://assets.zeg.de/1359295/hub_transparent/ZEG_070-50498.png";"";"";"";"";"MonkeyLink adapter plate";"";"";"";"";"Schwarz";"black";"yes";"";"";"";"black";"ZEG Zweirad-Einkaufs-Genossenschaft eG";"";"";"";"";"LED";"";"Plastic";"";"";"138 g";"yes";"no";"";"lighting";"E-Bike headlights";"";"no";"no";"";"no";"yes";"E-bike battery";"no";"yes"
"ZEG";"060-76713";"";"Zubehör";"MonkeyLink";"Crossblade hardware kit";"";"";"schwarz";"2024";"13";"7.8000";"0.0000";"449.9500";"";"";"";"";"";"";"";"";"";"";"";"schwarz";"";"";"";"";"";"";"";"";"";"";"";"";"";"";"";"";"";"";"";"";"";"";"";"";"";"";"";"";"";"";""
"ZEG";"060-76712";"4032782075927";"mudguards";"MonkeyLink";"Cross Blades Gravel";"";"";"Schwarz";"2025";"12614";"17.4800";"34.9500";"0.0000";"https://assets.zeg.de/1988016/hub_main/ZEG_060-76712_main.jpg";"https://assets.zeg.de/1988016/hub_transparent/ZEG_060-76712_main.png";"https://assets.zeg.de/1988028/hub_main/ZEG_060-76712_detail_1.jpg";"https://assets.zeg.de/1988025/hub_main/ZEG_060-76712_detail_2.jpg";"https://assets.zeg.de/1988022/hub_main/ZEG_060-76712_detail_3.jpg";"";"";"";"";"";"";"Schwarz";"black";"";"";"";"29 inch";"black";"ZEG Zweirad-Einkaufs-Genossenschaft eG";"";"";"";"";"";"";"Plastic";"";"";"";"";"no";"";"Mudguards";"Mudguard set";"";"";"";"";"";"";"";"";""
"ZEG";"060-76709";"4032782075897";"mudguards";"MonkeyLink";"Cross Blades 26";"";"";"Schwarz";"2025";"12614";"17.4800";"34.9500";"0.0000";"https://assets.zeg.de/1988061/hub_main/ZEG_060-76709_main.jpg";"https://assets.zeg.de/1988061/hub_transparent/ZEG_060-76709_main.png";"https://assets.zeg.de/1988073/hub_main/ZEG_060-76709_detail_1.jpg";"https://assets.zeg.de/1988070/hub_main/ZEG_060-76709_detail_2.jpg";"https://assets.zeg.de/1988067/hub_main/ZEG_060-76709_detail_3.jpg";"";"";"";"";"";"";"Schwarz";"black";"";"";"";"26 inch";"black";"ZEG Zweirad-Einkaufs-Genossenschaft eG";"";"";"";"";"";"";"Plastic";"";"";"";"";"no";"";"Mudguards";"Mudguard set";"";"";"";"";"";"";"";"";""
"ZEG";"060-76708";"4032782075880";"mudguards";"MonkeyLink";"Cross Blades 27,5";"";"";"Schwarz";"2025";"12614";"17.4800";"34.9500";"0.0000";"https://assets.zeg.de/2077500/hub_main/ZEG_060-76708_main.jpg";"https://assets.zeg.de/2077500/hub_transparent/ZEG_060-76708_main.png";"https://assets.zeg.de/2077512/hub_main/ZEG_060-76708_detail_1.jpg";"https://assets.zeg.de/2077509/hub_main/ZEG_060-76708_detail_2.jpg";"https://assets.zeg.de/2077506/hub_main/ZEG_060-76708_detail_3.jpg";"";"";"";"";"";"";"Schwarz";"black";"";"";"";"27.5+ inch";"black";"ZEG Zweirad-Einkaufs-Genossenschaft eG";"";"";"";"";"";"";"Plastic";"";"";"";"";"no";"";"Mudguards";"Mudguard set";"";"";"";"";"";"";"";"";""
"ZEG";"060-76707";"4032782075873";"mudguards";"MonkeyLink";"Cross Blades 29";"";"";"Schwarz";"2025";"12614";"17.4800";"34.9500";"0.0000";"https://assets.zeg.de/1988076/hub_main/ZEG_060-76707_main.jpg";"https://assets.zeg.de/1988076/hub_transparent/ZEG_060-76707_main.png";"https://assets.zeg.de/1988088/hub_main/ZEG_060-76707_detail_1.jpg";"https://assets.zeg.de/1988085/hub_main/ZEG_060-76707_detail_2.jpg";"https://assets.zeg.de/1988082/hub_main/ZEG_060-76707_detail_3.jpg";"";"";"";"";"";"";"Schwarz";"black";"";"";"";"29 inch";"black";"ZEG Zweirad-Einkaufs-Genossenschaft eG";"";"";"";"";"";"";"Plastic";"";"";"";"";"no";"";"Mudguards";"Mudguard set";"";"";"";"";"";"";"";"";""
"ZEG";"060-76706";"4002556974350";"Gabelkonus";"MonkeyLink";"ML-MonkeySpacer";"";"Comus";"Schwarz";"2020";"1274";"4.4100";"7.9900";"0.0000";"https://assets.zeg.de/1951615/hub_main/ZEG_060-76706_main.jpg";"https://assets.zeg.de/1951615/hub_transparent/ZEG_060-76706_main.png";"https://assets.zeg.de/1951610/hub_main/ZEG_060-76706_detail_01.jpg";"";"";"";"";"";"";"";"";"Schwarz";"black";"";"";"";"";"black";"ZEG Zweirad-Einkaufs-Genossenschaft eG";"";"";"";"";"";"";"Plastic";"";"";"";"";"no";"";"Mudguards";"Accessories mudguards";"";"";"";"";"";"";"";"";""
"ZEG";"060-52726";"4002556085445";"Lenkerklemme";"MonkeyLink";"ML HandleBar Clamp AL / 35 mm";"";"";"Schwarz";"2023";"1284";"9.9000";"19.9900";"0.0000";"https://assets.zeg.de/1703190/hub_main/ZEG_060-52726.jpg";"https://assets.zeg.de/1703190/hub_transparent/ZEG_060-52726.png";"";"";"";"";"";"";"";"";"";"Schwarz";"black";"no";"";"";"";"black";"ZEG Zweirad-Einkaufs-Genossenschaft eG";"";"";"";"";"";"";"";"";"";"";"";"no";"";"lighting";"Lighting accessories";"";"";"";"";"no";"";"";"no";""
"ZEG";"060-52725";"4002556077709";"Lenkerklemme";"MonkeyLink";"ML HandleBar Clamp AL";"";"";"Schwarz";"2023";"1284";"9.9900";"19.9900";"0.0000";"https://assets.zeg.de/1703193/hub_main/ZEG_060-52725.jpg";"https://assets.zeg.de/1703193/hub_transparent/ZEG_060-52725.png";"";"";"";"";"";"";"";"";"";"Schwarz";"black";"";"";"";"";"black";"ZEG Zweirad-Einkaufs-Genossenschaft eG";"";"";"";"";"";"";"";"";"";"";"";"no";"";"lighting";"Lighting accessories";"";"";"";"";"";"";"";"";""
"ZEG";"060-52523";"4016538110223";"Stem";"MonkeyLink";"Swell X ML inkl. ML-Bracket 31,8 / 166 mm";"";"Humpert";"Schwarz";"2019";"12421";"49.9800";"89.9900";"0.0000";"https://assets.zeg.de/1942497/hub_main/ZEG_060-52523_main.jpg";"https://assets.zeg.de/1942497/hub_transparent/ZEG_060-52523_main.png";"https://assets.zeg.de/1946350/hub_main/ZEG_060-52523_detail_01.jpg";"";"";"";"";"";"";"";"";"Schwarz";"black";"";"";"";"";"black";"ZEG Zweirad-Einkaufs-Genossenschaft eG";"";"";"";"";"";"";"Aluminium 6061 T6";"";"";"216 g";"";"no";"";"Stems";"Ahead stem";"166 mm";"";"";"28,6 mm";"";"";"";"";""
"ZEG";"060-52519";"4016538108121";"Vorbau Bracket";"MonkeyLink";"ML-Bracket 1 Humpert ergotec S";"";"Humpert";"Schwarz";"2019";"12421";"12.7500";"22.9500";"0.0000";"https://assets.zeg.de/1942488/hub_main/ZEG_060-52519_main.jpg";"https://assets.zeg.de/1942488/hub_transparent/ZEG_060-52519_main.png";"";"";"";"";"";"";"";"";"";"Schwarz";"black";"";"";"";"";"black";"ZEG Zweirad-Einkaufs-Genossenschaft eG";"";"";"";"";"";"";"";"";"";"";"";"no";"";"Stems";"Stem accessories";"";"";"";"";"";"";"";"";""
"ZEG";"060-52513";"4002556871239";"Seat clamp";"MonkeyLink";"QR ML-1 32";"";"MonkeyLink";"Schwarz";"2023";"1274";"13.8600";"24.9900";"0.0000";"https://assets.zeg.de/1359349/hub_main/ZEG_060-52513.jpg";"https://assets.zeg.de/1359349/hub_transparent/ZEG_060-52513.png";"";"";"";"";"";"";"";"31,8 mm";"";"Schwarz";"black";"";"";"";"31.8 mm";"black";"ZEG Zweirad-Einkaufs-Genossenschaft eG";"";"";"";"";"";"";"Steel";"";"";"";"";"no";"";"Seat posts";"Seat post accessories";"";"";"";"";"";"";"";"";""
"ZEG";"060-52512";"4002556871222";"Seat clamp";"MonkeyLink";"SC ML-1 35";"";"MonkeyLink";"Schwarz";"2023";"1274";"11.1100";"19.9900";"0.0000";"https://assets.zeg.de/1359358/hub_main/ZEG_060-52512.jpg";"https://assets.zeg.de/1359358/hub_transparent/ZEG_060-52512.png";"";"";"";"";"";"";"";"34,9 mm";"";"Schwarz";"black";"";"";"";"34.9 mm";"black";"ZEG Zweirad-Einkaufs-Genossenschaft eG";"";"";"";"";"";"";"Steel";"";"";"";"";"no";"";"Seat posts";"Seat post accessories";"";"";"";"";"";"";"";"";""
"ZEG";"060-52511";"4002556871215";"Seat clamp";"MonkeyLink";"QR ML-1 35";"";"MonkeyLink";"Schwarz";"2023";"1274";"13.8600";"24.9900";"0.0000";"https://assets.zeg.de/1359367/hub_main/ZEG_060-52511.jpg";"https://assets.zeg.de/1359367/hub_transparent/ZEG_060-52511.png";"";"";"";"";"";"";"";"34,9 mm";"";"Schwarz";"black";"";"";"";"34.9 mm";"black";"ZEG Zweirad-Einkaufs-Genossenschaft eG";"";"";"";"";"";"";"Steel";"";"";"";"";"no";"";"Seat posts";"Seat post accessories";"";"";"";"";"";"";"";"";""
"ZEG";"060-52510";"4002556871208";"Lenkerklemme";"MonkeyLink";"ML HandleBar Clamp";"";"MonkeyLink";"Schwarz";"2023";"1284";"5.5500";"12.9900";"0.0000";"https://assets.zeg.de/1359373/hub_main/ZEG_060-52510.jpg";"https://assets.zeg.de/1359373/hub_transparent/ZEG_060-52510.png";"";"";"";"";"on the handlebars";"";"";"";"";"Schwarz";"black";"";"";"";"";"black";"ZEG Zweirad-Einkaufs-Genossenschaft eG";"";"";"";"";"";"";"Aluminium; Steel";"";"";"";"";"no";"";"lighting";"Lighting accessories";"";"";"";"";"";"";"";"";""
"ZEG";"050-28503";"4002556954284";"Drinking bottle";"MonkeyLink";"ML-MonkeyBottle Cap 590ml ohne Bottle Mount";"";"Fidlock";"grey";"2020";"1361";"4.1500";"14.9500";"0.0000";"https://assets.zeg.de/1091362/hub_main/ZEG_050-28503.jpg";"https://assets.zeg.de/1091362/hub_transparent/ZEG_050-28503.png";"";"";"";"";"";"";"";"";"";"grey";"grey";"";"";"";"";"grey";"ZEG Zweirad-Einkaufs-Genossenschaft eG";"";"";"";"";"";"";"";"";"";"";"";"no";"";"Bottles & holders";"Drinking bottle";"";"";"";"";"";"";"";"";""
"ZEG";"080-40385";"4028017528696";"Smartphone-Halter";"MonkeyLink";"MonkeyLink 2.0 Connect / E-Cap Universal Charging Phone Clam";"";"";"schwarz";"2025";"1374";"40.7100";"69.9900";"0.0000";"https://assets.zeg.de/1901420/hub_main/ZEG_080-40385.jpg";"https://assets.zeg.de/1901420/hub_transparent/ZEG_080-40385.png";"https://assets.zeg.de/1901381/hub_main/ZEG_080-40385_detail_1.jpg";"";"";"";"";"";"";"";"";"schwarz";"black";"";"";"";"";"black";"ZEG Zweirad-Einkaufs-Genossenschaft eG";"";"";"";"";"";"";"";"";"";"";"";"no";"";"Electronic accessories";"Electronics accessories";"";"";"";"";"";"";"";"";""
"ZEG";"080-40384";"4028017527453";"Smartphone-Halter";"MonkeyLink";"MonkeyLink 2.0 Connect / E-Cap Charging Modul";"";"";"schwarz";"2025";"1374";"40.7100";"69.9900";"0.0000";"https://assets.zeg.de/1901423/hub_main/ZEG_080-40384.jpg";"https://assets.zeg.de/1901423/hub_transparent/ZEG_080-40384.png";"";"";"";"";"";"";"";"";"";"schwarz";"black";"";"";"";"";"black";"ZEG Zweirad-Einkaufs-Genossenschaft eG";"";"";"";"";"";"";"";"";"";"";"";"no";"";"Electronic accessories";"Electronics accessories";"";"";"";"";"";"";"";"";""
"ZEG";"070-50594";"4028017528801";"Lampenhalter";"MonkeyLink";"MonkeyLink 2.0 Connect / BlueDock Light";"";"";"schwarz";"2024";"1284";"6.8000";"14.9900";"0.0000";"https://assets.zeg.de/1986363/hub_main/ZEG_070-50594_main.jpg";"https://assets.zeg.de/1986363/hub_transparent/ZEG_070-50594_main.png";"";"";"";"";"";"";"";"";"";"schwarz";"black";"";"";"";"";"black";"ZEG Zweirad-Einkaufs-Genossenschaft eG";"";"";"";"";"";"";"";"";"";"";"";"no";"";"Electronic accessories";"Electronics accessories";"";"";"";"";"";"";"";"";""
"ZEG";"070-50593";"4032782080846";"Lampenhalter";"MonkeyLink";"MonkeyLink 2.0 Connect / Screen u. Front Light Universal Mou";"";"";"schwarz";"2025";"1284";"17.1000";"34.9900";"0.0000";"https://assets.zeg.de/1976168/hub_main/ZEG_070-50593_main.jpg";"https://assets.zeg.de/1976168/hub_transparent/ZEG_070-50593_main.png";"https://assets.zeg.de/1976171/hub_main/ZEG_070-50593_detail_1.jpg";"";"";"";"";"";"";"";"";"schwarz";"black";"";"";"";"";"black";"ZEG Zweirad-Einkaufs-Genossenschaft eG";"";"";"";"";"";"";"";"";"";"";"";"no";"";"Electronic accessories";"Electronics accessories";"";"";"";"";"";"";"";"";""
"ZEG";"070-50592";"4032782080839";"Lampenhalter";"MonkeyLink";"MonkeyLink 2.0 Connect / Front Light Mount CCS 35 mm";"";"";"schwarz";"2024";"1284";"4.0000";"14.9900";"0.0000";"https://assets.zeg.de/1974630/hub_main/ZEG_070-50592_main.jpg";"https://assets.zeg.de/1974630/hub_transparent/ZEG_070-50592_main.png";"https://assets.zeg.de/1974633/hub_main/ZEG_070-50592_detail_1.jpg";"";"";"";"";"";"";"";"";"schwarz";"black";"";"";"";"";"black";"ZEG Zweirad-Einkaufs-Genossenschaft eG";"";"";"";"";"";"";"";"";"";"";"";"no";"";"Electronic accessories";"Electronics accessories";"";"";"";"";"";"";"";"";""
"ZEG";"070-50591";"4032782080822";"Lampenhalter";"MonkeyLink";"MonkeyLink 2.0 Connect / Front Light Mount CCS 31,8 mm";"";"";"schwarz";"2025";"1284";"4.0000";"14.9900";"0.0000";"";"";"https://assets.zeg.de/1974636/hub_main/ZEG_070-50591_detail_1.jpg";"";"";"";"";"";"";"";"";"schwarz";"black";"";"";"";"";"black";"ZEG Zweirad-Einkaufs-Genossenschaft eG";"";"";"";"";"";"";"";"";"";"";"";"no";"";"Electronic accessories";"Electronics accessories";"";"";"";"";"";"";"";"";""
"ZEG";"070-50587";"4002556131951";"E-Bike Scheinwerfer";"MonkeyLink";"eLIGHT 100 with Highbeam Connect / MonkeyLink 2.0";"";"";"Schwarz";"2024";"12821";"53.0800";"99.9900";"0.0000";"https://assets.zeg.de/1842560/hub_main/ZEG_070-50587.jpg";"https://assets.zeg.de/1842560/hub_transparent/ZEG_070-50587.png";"https://assets.zeg.de/1842779/hub_main/ZEG_070-50587_detail_1.jpg";"https://assets.zeg.de/1842776/hub_main/ZEG_070-50587_detail_3.jpg";"https://assets.zeg.de/1842773/hub_main/ZEG_070-50587_detail_4.jpg";"";"MonkeyLink adapter plate";"";"";"";"";"Schwarz";"black";"yes";"";"";"";"black";"ZEG Zweirad-Einkaufs-Genossenschaft eG";"";"";"";"";"LED";"";"";"";"yes";"";"";"no";"";"lighting";"E-Bike headlights";"";"";"";"";"";"yes";"";"";""
"ZEG";"070-50586";"4002556131944";"E-Bike Scheinwerfer";"MonkeyLink";"eLIGHT 100 Connect / MonkeyLink 2.0";"";"";"Schwarz";"2024";"12821";"37.1200";"69.9900";"0.0000";"https://assets.zeg.de/1794008/hub_main/ZEG_070-50586.jpg";"https://assets.zeg.de/1794008/hub_transparent/ZEG_070-50586.png";"https://assets.zeg.de/1837955/hub_main/ZEG_070-50586_detail_1.jpg";"https://assets.zeg.de/1837952/hub_main/ZEG_070-50586_detail_2.jpg";"https://assets.zeg.de/1837949/hub_main/ZEG_070-50586_detail_3.jpg";"";"MonkeyLink adapter plate";"";"";"";"";"Schwarz";"black";"";"";"";"";"black";"ZEG Zweirad-Einkaufs-Genossenschaft eG";"";"";"";"";"LED";"";"";"";"yes";"";"";"no";"";"lighting";"E-Bike headlights";"";"";"";"";"";"yes";"";"";""
"ZEG";"070-50545";"4002556917685";"Cables";"MonkeyLink";"ML-VoltLine";"";"Comus";"Schwarz";"2019";"12843";"14.3500";"32.9900";"0.0000";"https://assets.zeg.de/1080390/hub_main/ZEG_070-50545.jpg";"https://assets.zeg.de/1080390/hub_transparent/ZEG_070-50545.png";"";"";"";"";"";"";"";"";"";"Schwarz";"black";"";"";"";"";"black";"ZEG Zweirad-Einkaufs-Genossenschaft eG";"";"";"";"";"Adapter";"";"";"";"";"";"";"no";"";"lighting";"Lighting accessories";"";"";"";"";"";"";"E-bike battery";"";""
"ZEG";"070-50543";"4002556954260";"Rear light";"MonkeyLink";"ML-RearLight UTS Recharge";"";"Comus";"Red";"2023";"12832";"23.1000";"40.9900";"0.0000";"https://assets.zeg.de/1359148/hub_main/ZEG_070-50543.jpg";"https://assets.zeg.de/1359148/hub_transparent/ZEG_070-50543.png";"";"";"";"";"MonkeyLink adapter plate";"no";"";"";"";"Red";"red";"";"";"";"";"red";"ZEG Zweirad-Einkaufs-Genossenschaft eG";"";"no";"no";"";"LED";"";"Plastic";"";"";"58 g";"";"no";"";"lighting";"Rechargeable battery/battery rear light";"";"no";"";"";"no";"yes";"Li-Ion battery";"";"yes"
"ZEG";"070-50536";"4002556889487";"ML-InterfaceRecharge";"MonkeyLink";"ML-Interface Recharge rear";"";"Fidlock";"Schwarz";"2023";"12843";"2.2200";"3.9900";"0.0000";"https://assets.zeg.de/1359169/hub_main/ZEG_070-50536.jpg";"https://assets.zeg.de/1359169/hub_transparent/ZEG_070-50536.png";"";"";"";"";"";"";"";"";"";"Schwarz";"black";"";"";"";"";"black";"ZEG Zweirad-Einkaufs-Genossenschaft eG";"";"";"";"";"Adapter";"";"";"";"";"";"";"no";"";"lighting";"Lighting accessories";"";"";"";"";"";"";"Battery";"";""
"ZEG";"070-50535";"4002556889470";"ML-InterfaceRecharge";"MonkeyLink";"ML-Interface Recharge front";"";"Fidlock";"Schwarz";"2023";"12843";"2.2200";"3.9900";"0.0000";"https://assets.zeg.de/1359172/hub_main/ZEG_070-50535.jpg";"https://assets.zeg.de/1359172/hub_transparent/ZEG_070-50535.png";"";"";"";"";"";"";"";"";"";"Schwarz";"black";"no";"";"";"";"black";"ZEG Zweirad-Einkaufs-Genossenschaft eG";"";"";"";"";"Adapter";"";"";"";"";"";"";"no";"";"lighting";"Lighting accessories";"";"";"";"";"no";"yes";"Battery";"no";""
"ZEG";"070-50505";"4002556874735";"Headlights";"MonkeyLink";"ML-Light 50 Lux Connect";"";"MonkeyLink";"Schwarz";"2023";"12831";"33.3000";"59.9900";"0.0000";"https://assets.zeg.de/1359262/hub_main/ZEG_070-50505.jpg";"https://assets.zeg.de/1359262/hub_transparent/ZEG_070-50505.png";"";"";"";"";"MonkeyLink adapter plate";"";"110 g";"";"";"Schwarz";"black";"no";"";"";"";"black";"ZEG Zweirad-Einkaufs-Genossenschaft eG";"";"";"";"";"LED";"";"Plastic";"";"";"70 g";"no";"no";"";"lighting";"E-Bike headlights";"";"no";"no";"";"no";"yes";"E-bike battery";"no";""
"ZEG";"070-50504";"4002556871369";"Headlights";"MonkeyLink";"ML-Light 70 Lux Connect";"";"MonkeyLink";"Schwarz";"2023";"12831";"41.6000";"79.9900";"0.0000";"https://assets.zeg.de/1359268/hub_main/ZEG_070-50504.jpg";"https://assets.zeg.de/1359268/hub_transparent/ZEG_070-50504.png";"";"";"";"";"MonkeyLink adapter plate";"";"";"";"";"Schwarz";"black";"no";"";"";"";"black";"ZEG Zweirad-Einkaufs-Genossenschaft eG";"";"";"";"";"LED";"";"Plastic";"";"";"79 g";"no";"no";"";"lighting";"E-Bike headlights";"";"no";"no";"";"no";"yes";"E-bike battery";"no";""
"ZEG";"060-76711";"4032782075910";"mudguards";"MonkeyLink";"Cross Blades 20";"";"";"Schwarz";"2025";"12614";"17.4800";"34.9500";"0.0000";"https://assets.zeg.de/1988031/hub_main/ZEG_060-76711_main.jpg";"https://assets.zeg.de/1988031/hub_transparent/ZEG_060-76711_main.png";"https://assets.zeg.de/1988043/hub_main/ZEG_060-76711_detail_1.jpg";"https://assets.zeg.de/1988037/hub_main/ZEG_060-76711_detail_3.jpg";"https://assets.zeg.de/1988034/hub_main/ZEG_060-76711_detail_4.jpg";"";"";"";"";"";"";"Schwarz";"black";"";"";"";"20 inch";"black";"ZEG Zweirad-Einkaufs-Genossenschaft eG";"";"";"";"";"";"";"Plastic";"";"";"";"";"no";"";"Mudguards";"Mudguard set";"";"";"";"";"";"";"";"";""
"ZEG";"060-76710";"4032782075903";"mudguards";"MonkeyLink";"Cross Blades 24";"";"";"Schwarz";"2025";"12614";"17.4800";"34.9500";"0.0000";"https://assets.zeg.de/1988046/hub_main/ZEG_060-76710_main.jpg";"https://assets.zeg.de/1988046/hub_transparent/ZEG_060-76710_main.png";"https://assets.zeg.de/1988058/hub_main/ZEG_060-76710_detail_1.jpg";"https://assets.zeg.de/1988055/hub_main/ZEG_060-76710_detail_2.jpg";"https://assets.zeg.de/1988052/hub_main/ZEG_060-76710_detail_3.jpg";"";"";"";"";"";"";"Schwarz";"black";"";"";"";"24 inch";"black";"ZEG Zweirad-Einkaufs-Genossenschaft eG";"";"";"";"";"";"";"Plastic";"";"";"";"";"no";"";"Mudguards";"Mudguard set";"";"";"";"";"";"";"";"";""
"ZEG";"060-76702";"4002556872137";"Gabelkonus";"MonkeyLink";"ML-MonkeyChuck";"";"MonkeyLink";"Schwarz";"2023";"12615";"7.5000";"12.9900";"0.0000";"https://assets.zeg.de/1951604/hub_main/ZEG_060-76702_main.jpg";"https://assets.zeg.de/1951604/hub_transparent/ZEG_060-76702_main.png";"https://assets.zeg.de/1951579/hub_main/ZEG_060-76702_detail_01.jpg";"https://assets.zeg.de/1951586/hub_main/ZEG_060-76702_detail_02.jpg";"https://assets.zeg.de/1951591/hub_main/ZEG_060-76702_detail_03.jpg";"";"";"";"";"";"";"Schwarz";"black";"";"";"";"1 1/8 inch";"black";"ZEG Zweirad-Einkaufs-Genossenschaft eG";"";"";"";"";"";"";"Plastic; Steel";"";"";"";"";"no";"";"Mudguards";"Accessories mudguards";"";"";"";"";"";"";"";"";""
"ZEG";"070-50534";"4002556875985";"Headlights";"MonkeyLink";"ML-Light Supernova Mini 2     ";"";"Supernova";"Schwarz";"2023";"1283";"108.3600";"149.0000";"0.0000";"https://assets.zeg.de/1359181/hub_main/ZEG_070-50534.jpg";"https://assets.zeg.de/1359181/hub_transparent/ZEG_070-50534.png";"";"";"";"";"MonkeyLink adapter plate";"";"";"";"";"Schwarz";"black";"yes";"";"";"";"black";"ZEG Zweirad-Einkaufs-Genossenschaft eG";"";"";"";"";"LED";"";"Plastic";"";"";"";"yes";"no";"";"lighting";"E-Bike headlights";"";"no";"no";"";"no";"yes";"E-bike battery";"no";"yes"
"ZEG";"070-50525";"4002556917630";"Beleuchtungsset";"MonkeyLink";"ML-Light 50 Lux Connect Set";"";"MonkeyLink";"Schwarz";"2023";"12831";"44.4200";"79.9900";"0.0000";"https://assets.zeg.de/1359205/hub_main/ZEG_070-50525.jpg";"https://assets.zeg.de/1359205/hub_transparent/ZEG_070-50525.png";"";"";"";"";"MonkeyLink adapter plate";"no";"";"";"";"Schwarz";"black";"no";"no";"";"";"black";"ZEG Zweirad-Einkaufs-Genossenschaft eG";"";"no";"no";"";"LED";"";"Plastic";"";"";"118 g";"no";"no";"";"lighting";"E-bike lighting set";"";"no";"no";"";"no";"yes";"E-bike battery";"no";"yes"
"ZEG";"070-50524";"4002556917623";"Beleuchtungsset";"MonkeyLink";"ML-Light 70 Lux Connect Set";"";"MonkeyLink";"Schwarz";"2023";"12831";"61.0800";"109.9500";"0.0000";"https://assets.zeg.de/1359220/hub_main/ZEG_070-50524.jpg";"https://assets.zeg.de/1359220/hub_transparent/ZEG_070-50524.png";"";"";"";"";"MonkeyLink adapter plate";"no";"";"";"";"Schwarz";"black";"no";"no";"";"";"black";"ZEG Zweirad-Einkaufs-Genossenschaft eG";"";"no";"no";"";"LED";"";"Plastic";"";"";"118 g";"no";"no";"";"lighting";"E-bike lighting set";"";"no";"no";"";"no";"yes";"E-bike battery";"no";"yes"
"ZEG";"070-50523";"4002556917616";"Beleuchtungsset";"MonkeyLink";"ML-Light 100 Lux Connect Set";"";"MonkeyLink";"Schwarz";"2023";"12831";"66.9000";"139.9500";"0.0000";"https://assets.zeg.de/1953706/hub_main/ZEG_070-50523_main.jpg";"https://assets.zeg.de/1953706/hub_transparent/ZEG_070-50523_main.png";"";"";"";"";"MonkeyLink adapter plate";"no";"";"";"";"Schwarz";"black";"no";"no";"";"";"black";"ZEG Zweirad-Einkaufs-Genossenschaft eG";"";"no";"no";"";"LED";"";"Plastic";"";"";"118 g";"no";"no";"";"lighting";"E-bike lighting set";"";"no";"no";"";"no";"yes";"E-bike battery";"no";"yes"
"ZEG";"060-52525";"4002556954253";"Rücklicht Halter";"MonkeyLink";"ML-UTS Halter";"";"Comus";"Schwarz";"2020";"1274";"5.5500";"9.9900";"0.0000";"https://assets.zeg.de/1942500/hub_main/ZEG_060-52525_main.jpg";"https://assets.zeg.de/1942500/hub_transparent/ZEG_060-52525_main.png";"https://assets.zeg.de/1946356/hub_main/ZEG_060-52525_detail_01.jpg";"https://assets.zeg.de/1946362/hub_main/ZEG_060-52525_detail_02.jpg";"";"";"";"";"";"";"";"Schwarz";"black";"";"";"";"34.9 mm";"black";"ZEG Zweirad-Einkaufs-Genossenschaft eG";"";"";"";"";"";"";"Aluminium";"";"";"";"";"no";"";"Seat posts";"Seat post accessories";"";"";"";"";"";"";"";"";""